Gene0	Gene1	Weight	cometProbability	mutexProbability	Frequency	MinProbability
FEVloss	HLA-Aloss	3.41740768347	0.0327973459353	0.020894606975917662	2	0.020894606975917662
BTG1loss	CYTSBloss	3.81348376094	0.022071154242	NA	1	0.022071154242
FAM123Bloss	SDHBloss	3.3665577735	0.0345082182384	NA	1	0.0345082182384
MYST4loss	SSX4loss	6.03018844284	0.0024050407232	NA	1	0.0024050407232
CEP110loss	NFKBIEloss	4.64010053217	0.00965672676705	NA	1	0.00965672676705
CEP110loss	TNFAIP3loss	3.75174199795	0.0234768136532	NA	1	0.0234768136532
MLL3loss	KMT2Dloss	6.58008119361	0.00138773661492	0.0009232399439762541	2	0.0009232399439762541
MLL2loss	HOXC11loss	3.80473798602	0.0222650301511	0.014309439859728015	2	0.014309439859728015
MLL3loss	WWTR1loss	6.85246881489	0.00105684331897	0.000749825807931427	2	0.000749825807931427
BCL3loss	MYST4loss	3.42197763534	0.0326478055994	NA	1	0.0326478055994
CYTSBloss	PDGFBloss	5.58706533411	0.00374600502284	NA	1	0.00374600502284
MYST4loss	PDGFBloss	4.99696778576	0.00675840890469	NA	1	0.00675840890469
BCL3loss	MLLloss	3.64276977476	0.0261797314925	NA	1	0.0261797314925
CEP110loss	STAT3loss	4.29750069274	0.0136025134239	NA	1	0.0136025134239
CEP110loss	POU5F1loss	4.80884849162	0.00815724743036	NA	1	0.00815724743036
SUFUloss	CYTSBloss	3.16076044783	0.0423934907817	NA	1	0.0423934907817
MLL3loss	RPL10loss	NA	NA	0.03295828321347494	1	0.03295828321347494
MYCL1loss	NRASloss	3.28228645318	0.0375423198426	NA	1	0.0375423198426
CEP110loss	LMO2loss	3.27797824676	0.0377044088115	NA	1	0.0377044088115
SMARCB1loss	FAM22Aloss	3.11354353796	0.0444431898512	NA	1	0.0444431898512
CEP110loss	HMGA1loss	4.74341016726	0.00870889669458	NA	1	0.00870889669458
MLL3loss	NUTM2Bloss	3.4288343225	0.0324247155133	0.01901670226975569	2	0.01901670226975569
SDC4loss	HLA-Aloss	3.18940299465	0.0411964581049	0.030856471204701873	2	0.030856471204701873
MSI2loss	MLL3loss	NA	NA	0.039098594980366726	1	0.039098594980366726
MLL3loss	ETV5loss	6.3471876406	0.0017516665313	0.001220641346521814	2	0.001220641346521814
MDS2loss	HLA-Aloss	NA	NA	0.04712438848211392	1	0.04712438848211392
EWSR1loss	MYST4loss	4.87433940522	0.00764013958853	NA	1	0.00764013958853
RPL5loss	CYTSBloss	4.73607843423	0.00877298264359	NA	1	0.00877298264359
SRSF2loss	MYST4loss	5.09349296331	0.00613654767231	NA	1	0.00613654767231
SSX1loss	CYTSBloss	5.34744709121	0.00476028808169	NA	1	0.00476028808169
MALAT1loss	HLA-Aloss	3.47699881824	0.0309000085543	0.0193820055687374	2	0.0193820055687374
ATRXloss	BRAFloss	3.18155656019	0.0415209748985	0.022510345924004593	2	0.022510345924004593
MAFloss	HLA-Aloss	NA	NA	0.03535752346116208	1	0.03535752346116208
SSX2loss	CYTSBloss	5.13546076513	0.00588433958198	NA	1	0.00588433958198
NCOA4loss	MYST4loss	5.58569568719	0.00375113924228	NA	1	0.00375113924228
MYST4loss	CDX2loss	4.08148914859	0.0168823066614	NA	1	0.0168823066614
MLL3loss	IDH1loss	4.76054892099	0.0085609088449	0.00528569992765436	2	0.00528569992765436
CBFA2T3loss	NOTCH2loss	10.4854686088	2.79395137191e-05	1.6170190919557313e-05	2	1.6170190919557313e-05
BRAFloss	SDHBloss	NA	NA	0.03480251360284793	1	0.03480251360284793
CD79Bloss	MYST4loss	4.60628582169	0.00998884986386	NA	1	0.00998884986386
ZBTB16loss	CCDC123loss	3.05975665676	0.0468991064118	NA	1	0.0468991064118
CDKN2Closs	MYST4loss	4.11107428758	0.0163901573226	NA	1	0.0163901573226
PATZ1loss	CYTSBloss	5.37171137928	0.00464617313808	NA	1	0.00464617313808
MLL2loss	SMARCD1loss	6.87117999722	0.00103725238727	0.0007366584142886644	2	0.0007366584142886644
PMS1loss	HLA-Aloss	3.44112525965	0.0320286245241	0.020934245775433395	2	0.020934245775433395
CDH1loss	NOTCH2loss	11.8197591102	7.35772990086e-06	4.312528575216611e-06	2	4.312528575216611e-06
ZCCHC8loss	CYTSBloss	4.05904095837	0.0172655695778	NA	1	0.0172655695778
CCDC123loss	KMT2Aloss	3.02827720009	0.0483989480456	NA	1	0.0483989480456
C15orf65loss	NKX2-1loss	3.13622026764	0.0434467048609	NA	1	0.0434467048609
KLF6loss	MYST4loss	3.68284577468	0.0251512979686	NA	1	0.0251512979686
BCRloss	CYTSBloss	3.60781447371	0.0271110340428	NA	1	0.0271110340428
CDH11loss	NOTCH2loss	6.44682264125	0.00158555204131	0.0008892254069472434	2	0.0008892254069472434
MLL3loss	PHF6loss	3.53150145886	0.0292609487571	0.0177998364437126	2	0.0177998364437126
MYST4loss	FOXO1loss	4.40249868734	0.0122467009638	NA	1	0.0122467009638
MLL3loss	NACAP1loss	4.3493212153	0.0129155765015	0.009748472659706886	2	0.009748472659706886
NKX2-1loss	HMGN2P46loss	3.71672660088	0.0243134252717	NA	1	0.0243134252717
MYST4loss	NACAloss	3.61781526557	0.0268412534925	NA	1	0.0268412534925
SPOPloss	CYTSBloss	3.76387359707	0.0231937230045	NA	1	0.0231937230045
CEP110loss	OLIG2loss	4.88939523603	0.00752597253604	NA	1	0.00752597253604
MLL3loss	COX6Closs	6.53403859793	0.00145312539417	0.0012404250185502504	2	0.0012404250185502504
CNOT3loss	MLL3loss	7.45838802973	0.000576584860429	0.00037899177845538855	2	0.00037899177845538855
CYLDloss	NOTCH2loss	5.84317063338	0.00289963435803	0.0016221392776846228	2	0.0016221392776846228
NFE2L2loss	HLA-Aloss	3.42108180865	0.0326770654789	0.0211911582963702	2	0.0211911582963702
MLL3loss	FOXL2loss	8.77934476565	0.000153878878901	0.00011490542849436966	2	0.00011490542849436966
KAT6Bloss	MLL3loss	3.59364735578	0.0274978528435	0.01619126045467717	2	0.01619126045467717
BCL10loss	CYTSBloss	4.42480212685	0.0119765809101	NA	1	0.0119765809101
CEP110loss	FANCEloss	4.98407604816	0.00684610057336	NA	1	0.00684610057336
MLL3loss	MALAT1loss	3.89745424029	0.020293508137	0.012381131254779423	2	0.012381131254779423
CBFA2T3loss	HLA-Aloss	3.41739913941	0.0327976261592	0.019702256892474936	2	0.019702256892474936
MYST4loss	CCND2loss	3.26122322652	0.0383414690191	NA	1	0.0383414690191
MLL3loss	H3F3Aloss	3.61583297446	0.0268945134416	0.017944616482936798	2	0.017944616482936798
MTCP1loss	CYTSBloss	4.62284915015	0.00982476391862	NA	1	0.00982476391862
MAFloss	CYTSBloss	4.59655005249	0.0100865739384	NA	1	0.0100865739384
MLL3loss	PAFAH1B2loss	NA	NA	0.04730474429668405	1	0.04730474429668405
MYST4loss	CBLloss	3.3763732485	0.0341711605819	NA	1	0.0341711605819
CEP110loss	MLLT3loss	4.01907051614	0.0179696596882	NA	1	0.0179696596882
CEP110loss	DDX6loss	6.06535856774	0.00232192529774	NA	1	0.00232192529774
KAT6Bloss	CYTSBloss	3.80942303352	0.0221609614011	NA	1	0.0221609614011
ERCC5loss	HLA-Aloss	3.19736245888	0.0408698578757	0.0244943164421589	2	0.0244943164421589
MYST4loss	TAL1loss	5.19859654914	0.0055243120833	NA	1	0.0055243120833
H3F3Bloss	MYST4loss	4.84232141749	0.00788871976706	NA	1	0.00788871976706
FANCFloss	HLA-Aloss	4.65476715846	0.00951612873411	0.006144095967809609	2	0.006144095967809609
MLL2loss	SOX2loss	3.20924892812	0.0403869353749	0.025759910196413223	2	0.025759910196413223
CEP110loss	TRIM27loss	3.13226349076	0.0436189543297	NA	1	0.0436189543297
AKT1loss	MYST4loss	5.14442677797	0.00583181633169	NA	1	0.00583181633169
MLL2loss	LPPloss	NA	NA	0.04714536634821477	1	0.04714536634821477
OMDloss	MLLloss	3.08357222419	0.0457953727698	NA	1	0.0457953727698
MLL3loss	LHFPloss	NA	NA	0.041875528711082584	1	0.041875528711082584
ATICloss	HLA-Aloss	NA	NA	0.044204621734488435	1	0.044204621734488435
MLL3loss	SSX1loss	3.51468895668	0.0297570572486	0.01790583447976453	2	0.01790583447976453
MLL2loss	SH2B3loss	3.14138672504	0.0432228181598	0.026617241742425635	2	0.026617241742425635
MPLloss	RUNDC2Aloss	3.4024759597	0.0332907413	NA	1	0.0332907413
RPL22loss	MYST4loss	3.80907960576	0.0221685733975	NA	1	0.0221685733975
DAXXloss	CEP110loss	3.22346996396	0.0398166559129	NA	1	0.0398166559129
MLL3loss	SSX2loss	4.10335582875	0.0165171535542	0.010150537056587961	2	0.010150537056587961
CEP110loss	HIST1H4Iloss	4.92372207703	0.0072720134174	NA	1	0.0072720134174
MYST4loss	HMGN2P46loss	6.71622875355	0.00121109695759	NA	1	0.00121109695759
TCL6loss	MYST4loss	4.05237638153	0.017381021585	NA	1	0.017381021585
MLL3loss	RAD21loss	NA	NA	0.0423789242235902	1	0.0423789242235902
FGFR1OPloss	MLL3loss	5.09129923907	0.00615002434232	0.0037496472048378143	2	0.0037496472048378143
CCDC6loss	CYTSBloss	3.62207137356	0.0267272569818	NA	1	0.0267272569818
KMT2Dloss	FAM123Bloss	4.15793013315	0.0156398969439	NA	1	0.0156398969439
CEP110loss	PIM1loss	4.79247506206	0.00829190897381	NA	1	0.00829190897381
CYTSBloss	KMT2Aloss	3.14773314463	0.0429493766248	NA	1	0.0429493766248
HOXC13loss	CYTSBloss	3.35069613256	0.0350599392385	NA	1	0.0350599392385
CEP110loss	PICALMloss	3.98831508913	0.0185309107636	NA	1	0.0185309107636
MLL3loss	CHEK2loss	NA	NA	0.03406152484486108	1	0.03406152484486108
CBFBloss	CYTSBloss	3.97828107413	0.0187177861877	NA	1	0.0187177861877
MLL2loss	WWTR1loss	4.17137775455	0.0154309853613	0.010145313115863051	2	0.010145313115863051
HOXD11loss	HLA-Aloss	3.91322207816	0.0199760329175	0.013494063608792697	2	0.013494063608792697
BCL9loss	CYLDloss	3.40509718	0.0332035932001	0.018265027843714244	2	0.018265027843714244
AMER1loss	MLL3loss	3.89135739747	0.0204176124041	0.012509910316018303	2	0.012509910316018303
MDS2loss	MYST4loss	3.32999943525	0.0357931252817	NA	1	0.0357931252817
PAX5loss	CYTSBloss	3.80942303352	0.0221609614011	NA	1	0.0221609614011
GPC3loss	CYTSBloss	4.88200637252	0.00758178686821	NA	1	0.00758178686821
NUTM1loss	MYST4loss	5.37753570999	0.00461919094204	NA	1	0.00461919094204
CEP110loss	SSX1loss	3.18458607351	0.0413953768981	NA	1	0.0413953768981
CDH11loss	BCL9loss	4.20570115341	0.0149103279759	0.008276107312284236	2	0.008276107312284236
MLL3loss	TFPTloss	5.66797599485	0.0034548508402	0.0021960095152028045	2	0.0021960095152028045
MLL2loss	GATA2loss	NA	NA	0.04568321286035894	1	0.04568321286035894
WASloss	CYTSBloss	3.43309156375	0.032286969095	NA	1	0.032286969095
NF2loss	MYST4loss	7.67095123783	0.000466174170222	NA	1	0.000466174170222
TBL1XR1loss	MLL3loss	6.9139062259	0.000993867931427	0.0007124434330710127	2	0.0007124434330710127
SDHBloss	HLA-Aloss	4.23993727681	0.0144084955616	0.008994980523014527	2	0.008994980523014527
WT1loss	HLA-Aloss	NA	NA	0.04323228846549709	1	0.04323228846549709
KAT6Bloss	CEP110loss	3.07133410639	0.0463592653911	NA	1	0.0463592653911
MLL3loss	MYBloss	NA	NA	0.033790405095669045	1	0.033790405095669045
FOXO3loss	MLL3loss	3.84351044094	0.0214182816071	0.01267297368152975	2	0.01267297368152975
MYST4loss	POU2AF1loss	4.15243243736	0.0157261171286	NA	1	0.0157261171286
CDX2loss	MLLloss	3.40533422637	0.0331957233415	NA	1	0.0331957233415
CYTSBloss	LHFPloss	4.36494976154	0.012715293956	NA	1	0.012715293956
MYST4loss	LHFPloss	4.26174186925	0.0140977246177	NA	1	0.0140977246177
CYTSBloss	HRASloss	3.66855884164	0.0255132120436	NA	1	0.0255132120436
CEP110loss	GATA1loss	3.18458607351	0.0413953768981	NA	1	0.0413953768981
SDHAF2loss	HLA-Aloss	3.77270717701	0.0229897416674	0.014812796151650948	2	0.014812796151650948
CYTSBloss	FOXO1loss	3.28150583475	0.0375716375109	NA	1	0.0375716375109
HLA-Aloss	IDH1loss	3.89692928139	0.0203041641913	0.01276259164670885	2	0.01276259164670885
FANCAloss	CYTSBloss	3.56971142143	0.0281639800288	NA	1	0.0281639800288
MLL3loss	ETV6loss	3.79934554642	0.0223854172798	0.013999608817577456	2	0.013999608817577456
LMO2loss	HLA-Aloss	NA	NA	0.04274563929582446	1	0.04274563929582446
MYST4loss	LCP1loss	3.02384939833	0.048613724135	NA	1	0.048613724135
HLA-Aloss	TNFRSF14loss	5.41692436363	0.00444078390196	0.0028626336059103244	2	0.0028626336059103244
FANCAloss	BCL9loss	3.95861423737	0.0190895495553	0.01053616326123044	2	0.01053616326123044
CDH1loss	PDE4DIPloss	NA	NA	0.044232480954931624	1	0.044232480954931624
HOXA13loss	HLA-Aloss	NA	NA	0.0465571710622634	1	0.0465571710622634
MYST4loss	CNTRLloss	3.42425758934	0.0325734548948	NA	1	0.0325734548948
RAD51Bloss	MYST4loss	4.38717644445	0.012435792847	NA	1	0.012435792847
CEP110loss	CCND3loss	4.66181936574	0.00944925510231	NA	1	0.00944925510231
MDS2loss	FAM123Bloss	3.3665577735	0.0345082182384	NA	1	0.0345082182384
MLL3loss	VHLloss	5.01017150361	0.00666975932034	0.0040917885801899645	2	0.0040917885801899645
CEP110loss	NUTM2Bloss	3.02194559556	0.048706363233	NA	1	0.048706363233
MLL2loss	C2orf44loss	3.86307430146	0.0210033295998	0.013684641098284997	2	0.013684641098284997
NKX2-1loss	RB1loss	3.17867763706	0.0416406828256	NA	1	0.0416406828256
FAM22Aloss	BCRloss	3.15957665233	0.0424437057217	NA	1	0.0424437057217
MLL3loss	WASloss	3.74561553815	0.023621084893	0.01429908311179327	2	0.01429908311179327
SDHDloss	MYST4loss	5.29755339503	0.00500382131712	NA	1	0.00500382131712
MYST4loss	NUTM2Aloss	5.66434688303	0.00346741165874	NA	1	0.00346741165874
BCL7Aloss	CYTSBloss	3.94632707599	0.0193255528675	NA	1	0.0193255528675
NUTM2Aloss	CYTSBloss	3.10879570191	0.0446547005419	NA	1	0.0446547005419
MLL3loss	TFRCloss	7.5998701982	0.000500516397156	0.0003568415379897388	2	0.0003568415379897388
MLL3loss	CLP1loss	NA	NA	0.044603222657338494	1	0.044603222657338494
MYST4loss	TCL1Aloss	3.90433934007	0.0201542652094	NA	1	0.0201542652094
CNBPloss	MLL3loss	11.8017686991	7.49129634187e-06	5.872498190529446e-06	2	5.872498190529446e-06
MLL2loss	CHEK2loss	3.79011298245	0.022593049089	0.013402948127240372	2	0.013402948127240372
MLL2loss	NF2loss	NA	NA	0.04473247008555932	1	0.04473247008555932
MLL3loss	GMPSloss	3.84019775042	0.0214893513967	0.013817247246064075	2	0.013817247246064075
MLL3loss	GATA2loss	12.9376542869	2.40573692679e-06	1.9073072291262304e-06	2	1.9073072291262304e-06
ELF4loss	CYTSBloss	3.01977160858	0.0488123654146	NA	1	0.0488123654146
MYST4loss	NRASloss	3.00568442848	0.0495048601944	NA	1	0.0495048601944
MLL2loss	MLF1loss	NA	NA	0.04435129985580285	1	0.04435129985580285
MLL3loss	BMPR1Aloss	3.0942876817	0.045307274169	0.026205886826768346	2	0.026205886826768346
KLF6loss	MLL3loss	4.1729116928	0.0154073333276	0.009287463672869187	2	0.009287463672869187
HOXC11loss	CYTSBloss	3.38314156952	0.0339406601278	NA	1	0.0339406601278
NACAloss	CYTSBloss	3.60750874218	0.027119324008	NA	1	0.027119324008
MLL3loss	ZRSR2loss	4.75693123409	0.00859193562144	0.005325253293302747	2	0.005325253293302747
FAM22Bloss	TET1loss	3.03044279118	0.0482942491235	NA	1	0.0482942491235
CBLBloss	MLL3loss	6.60083546724	0.00135923196926	0.0009266993404189131	2	0.0009266993404189131
MLL3loss	BCL6loss	5.03706229346	0.00649279425307	0.004308769184513568	2	0.004308769184513568
MLL3loss	GOPCloss	3.48216943762	0.0307406487208	0.01803618027553079	2	0.01803618027553079
MLL3loss	KMT2Aloss	5.5891711691	0.00373812485444	0.0022898766933528983	2	0.0022898766933528983
MYST4loss	PSIP1loss	3.00809383722	0.0493857263306	NA	1	0.0493857263306
JUNloss	P2RY8loss	3.0694495652	0.04644671371	NA	1	0.04644671371
MLL3loss	SOX2loss	8.29822356103	0.000248958694443	0.00018667493621940886	2	0.00018667493621940886
TAL2loss	CYTSBloss	4.17931524429	0.0153089868947	NA	1	0.0153089868947
MLL2loss	NACAloss	4.1673729231	0.0154929077683	0.010007760100857039	2	0.010007760100857039
MALAT1loss	MYST4loss	3.09219392073	0.0454022361505	NA	1	0.0454022361505
TFE3loss	CYTSBloss	5.40966317262	0.00447314663592	NA	1	0.00447314663592
BCL2loss	CYTSBloss	3.50453734505	0.0300606778488	NA	1	0.0300606778488
SSX2loss	MLLloss	4.20170306589	0.0149700600996	NA	1	0.0149700600996
MLL3loss	SSX4loss	4.09748613466	0.0166143892856	0.01018654186927188	2	0.01018654186927188
MKL1loss	CYTSBloss	5.99161890196	0.00249961414266	NA	1	0.00249961414266
CEP110loss	POU2AF1loss	3.43086445726	0.0323589557445	NA	1	0.0323589557445
MYST4loss	STAT3loss	4.0883738559	0.0167664761085	NA	1	0.0167664761085
MLL3loss	XPCloss	3.64173396275	0.0262068628217	0.015510533181252796	2	0.015510533181252796
CBFBloss	NOTCH2loss	9.81293242836	5.47390927461e-05	3.169568362665889e-05	2	3.169568362665889e-05
WASloss	MYST4loss	4.58376269914	0.0102163827099	NA	1	0.0102163827099
MLL3loss	CCND2loss	NA	NA	0.04431210266836078	1	0.04431210266836078
MLL3loss	MTCP1loss	4.11135145362	0.0163856151571	0.010171962168527018	2	0.010171962168527018
NF2loss	CYTSBloss	5.37171137928	0.00464617313808	NA	1	0.00464617313808
KMT2Aloss	MLLloss	3.01945306707	0.0488279166556	NA	1	0.0488279166556
MLL2loss	HMGA2loss	3.00906628532	0.049337724618	0.031061530786554353	2	0.031061530786554353
PDCD1LG2loss	MYST4loss	4.45490012645	0.0116214804952	NA	1	0.0116214804952
MLL2loss	NAB2loss	NA	NA	0.046729251161386834	1	0.046729251161386834
CEP110loss	PAX5loss	3.07133410639	0.0463592653911	NA	1	0.0463592653911
CDH1loss	BCL9loss	5.58863935112	0.0037401133852	0.002114505672635709	2	0.002114505672635709
CDKN2Closs	HLA-Aloss	NA	NA	0.036756189285747844	1	0.036756189285747844
CNBPloss	MLL2loss	4.0642656844	0.0171755969529	0.011122161222345486	2	0.011122161222345486
RALGDSloss	CYTSBloss	4.39286927694	0.0123651990914	NA	1	0.0123651990914
CDK6loss	HLA-Aloss	NA	NA	0.04778706957150307	1	0.04778706957150307
MLL2loss	WIF1loss	4.84863237432	0.00783909116385	0.005285672246018671	2	0.005285672246018671
HERPUD1loss	BCL9loss	3.49874305601	0.0302353637064	0.01664313136505112	2	0.01664313136505112
SUZ12loss	CYTSBloss	5.01711002161	0.00662364125578	NA	1	0.00662364125578
ZBTB16loss	RUNDC2Aloss	3.05975665676	0.0468991064118	NA	1	0.0468991064118
GATA1loss	MYST4loss	3.24822382001	0.0388431390027	NA	1	0.0388431390027
FLT3loss	MYST4loss	5.5685250146	0.00381610498266	NA	1	0.00381610498266
CEP110loss	SRSF3loss	4.81976924942	0.00806864876972	NA	1	0.00806864876972
CEP89loss	MLL3loss	3.89720456506	0.0202985755558	0.012567022910344141	2	0.012567022910344141
MLL2loss	CDKN1Bloss	8.1263522911	0.000295644661968	0.00021113616921384352	2	0.00021113616921384352
RUNDC2Aloss	KMT2Aloss	3.02827720009	0.0483989480456	NA	1	0.0483989480456
MAFloss	NOTCH2loss	13.3156142948	1.64855024641e-06	9.743140252142592e-07	2	9.743140252142592e-07
CEP110loss	CBLloss	4.78358740376	0.00836593309071	NA	1	0.00836593309071
MLL3loss	EIF4A2loss	4.7355976256	0.00877720178357	0.005817244866000416	2	0.005817244866000416
NKX2-1loss	NT5C2loss	3.0098685154	0.0492981602834	NA	1	0.0492981602834
MLL2loss	KLK2loss	5.27242005086	0.00513117782385	0.003248583811864811	2	0.003248583811864811
CEP110loss	SDHDloss	3.4268623093	0.0324887205689	NA	1	0.0324887205689
MYST4loss	SSX2loss	3.01520429914	0.0490358164887	NA	1	0.0490358164887
MYST4loss	MYCLloss	4.74688899676	0.00867865256537	NA	1	0.00867865256537
MLL2loss	ATF1loss	6.87117999722	0.00103725238727	0.0007366584142886644	2	0.0007366584142886644
MLL3loss	SDHCloss	3.4350844655	0.0322226884113	0.022988223572064127	2	0.022988223572064127
MLL3loss	ZNF331loss	4.97301254214	0.00692226298305	0.004310022313128731	2	0.004310022313128731
MLL3loss	ABI1loss	NA	NA	0.04825491399053058	1	0.04825491399053058
FANCAloss	NOTCH2loss	9.24728232977	9.63732070865e-05	5.5237183889661954e-05	2	5.5237183889661954e-05
MLL2loss	SDHAF2loss	NA	NA	0.03020216918021249	1	0.03020216918021249
MLL2loss	SRSF2loss	NA	NA	0.04991837161473413	1	0.04991837161473413
C15orf65loss	MYST4loss	4.41459413872	0.0120994638325	NA	1	0.0120994638325
FUSloss	CEP110loss	4.50472510762	0.0110566291523	NA	1	0.0110566291523
MYST4loss	TNFRSF14loss	3.36229726301	0.0346555545055	NA	1	0.0346555545055
MLL3loss	PRF1loss	NA	NA	0.030703870856938615	1	0.030703870856938615
MLL2loss	TFPTloss	3.60985757506	0.0270556999984	0.016404016429657293	2	0.016404016429657293
SDHAF2loss	MYST4loss	3.43423308458	0.0322501338753	NA	1	0.0322501338753
MLL2loss	CEBPAloss	NA	NA	0.030626382948719815	1	0.030626382948719815
CEP110loss	KMT2Aloss	6.47983657777	0.00153406135858	NA	1	0.00153406135858
CBFBloss	HLA-Aloss	3.26477601233	0.0382054916845	0.02301105862946714	2	0.02301105862946714
MLL3loss	AKT2loss	NA	NA	0.04237673591822389	1	0.04237673591822389
CEP110loss	ZNF331loss	3.58983379504	0.0276029177838	NA	1	0.0276029177838
HLA-Aloss	LHFPloss	NA	NA	0.04377090611649054	1	0.04377090611649054
BCL9loss	MAFloss	6.473667734	0.0015435539926	0.0008805502281897959	2	0.0008805502281897959
LMO1loss	HLA-Aloss	3.01965863016	0.0488178804697	0.029444332777314022	2	0.029444332777314022
CYTSBloss	MLLT10loss	3.19375129115	0.0410177125912	NA	1	0.0410177125912
MLL2loss	CDK4loss	7.14089447396	0.000792043317398	0.0005828247278626417	2	0.0005828247278626417
CEP110loss	MALAT1loss	4.49078184138	0.0112118744745	NA	1	0.0112118744745
CLP1loss	HLA-Aloss	5.94537051952	0.00261793217367	0.001817358689310595	2	0.001817358689310595
RPL22loss	HLA-Aloss	4.91053976783	0.00736850997317	0.004663554614390478	2	0.004663554614390478
BMPR1Aloss	CYTSBloss	3.10232718606	0.0449444864119	NA	1	0.0449444864119
MLL3loss	SRGAP3loss	NA	NA	0.044492465380481946	1	0.044492465380481946
RUNDC2Aloss	ARHGEF12loss	3.00364041218	0.049606152422	NA	1	0.049606152422
MYOD1loss	HLA-Aloss	4.82077513054	0.0080605367488	0.005206325141508551	2	0.005206325141508551
CEP110loss	HSP90AB1loss	3.06427742758	0.0466875648259	NA	1	0.0466875648259
ABI1loss	CYTSBloss	4.45681141285	0.0115992897307	NA	1	0.0115992897307
MLL3loss	MLF1loss	NA	NA	0.03228410240518405	1	0.03228410240518405
MLL3loss	CD79Aloss	NA	NA	0.030928516886357636	1	0.030928516886357636
CD274loss	MYST4loss	4.43946149789	0.0118022923682	NA	1	0.0118022923682
CBLCloss	MLL3loss	3.60271419852	0.0272496609944	0.016405123275704286	2	0.016405123275704286
FOXA1loss	MYST4loss	3.15038596475	0.0428355906478	NA	1	0.0428355906478
CYTSBloss	SSX4loss	3.30457597938	0.0367147763585	NA	1	0.0367147763585
KMT2Dloss	MLLloss	6.06934818259	0.00231268016461	NA	1	0.00231268016461
KMT2Dloss	MYST4loss	4.93976038068	0.00715631295776	NA	1	0.00715631295776
MLL3loss	CBLloss	3.16842396415	0.042069849273	0.024396054894133302	2	0.024396054894133302
MLL3loss	BCL3loss	4.97905385084	0.00688056952382	0.004303214458433733	2	0.004303214458433733
MLL3loss	KLK2loss	4.90604300445	0.00740171902966	0.0046021045212785855	2	0.0046021045212785855
TAF15loss	CYTSBloss	5.03460334128	0.00650877936889	NA	1	0.00650877936889
MLL3loss	NUTM2Aloss	3.79088666871	0.0225755759175	0.013296334303262328	2	0.013296334303262328
TTLloss	HLA-Aloss	5.93793494144	0.00263747056235	0.001984623969877518	2	0.001984623969877518
CDKN1Bloss	MYST4loss	6.18567449611	0.00205871249066	NA	1	0.00205871249066
EP300loss	CYTSBloss	3.33231088402	0.0357104868505	NA	1	0.0357104868505
MLL2loss	KMT2Dloss	15.0734434909	2.84240964803e-07	2.2512135845050654e-07	2	2.2512135845050654e-07
CEP110loss	RARAloss	3.78868216357	0.0226253987878	NA	1	0.0226253987878
MLL2loss	TFRCloss	3.52790717029	0.0293663102873	0.018617536500431138	2	0.018617536500431138
PIK3CAloss	MLLT10loss	NA	NA	0.04535876062386805	1	0.04535876062386805
CYTSBloss	KIF5Bloss	4.42480212685	0.0119765809101	NA	1	0.0119765809101
MLL2loss	ZNF331loss	3.44119723045	0.0320263194813	0.01925651769212577	2	0.01925651769212577
HERPUD1loss	NOTCH2loss	8.71146861358	0.000164686216373	9.455907295137923e-05	2	9.455907295137923e-05
EWSR1loss	CYTSBloss	3.86782291675	0.0209038292989	NA	1	0.0209038292989
BCL9loss	CBFA2T3loss	5.06187689101	0.00633366075915	0.003548892041431751	2	0.003548892041431751
MLL2loss	DDIT3loss	6.07417831012	0.00230153655868	0.0016236394953028314	2	0.0016236394953028314
RUNDC2Aloss	MYCLloss	3.33642071432	0.0355640239845	NA	1	0.0355640239845
CEP110loss	TFPTloss	3.37226166521	0.0343119473846	NA	1	0.0343119473846
CD79Aloss	MYST4loss	3.18450850829	0.0413985878641	NA	1	0.0413985878641
KLK2loss	MLLloss	7.62736286396	0.000486943302341	NA	1	0.000486943302341
CEP110loss	SDHAF2loss	3.71737694597	0.0242976182956	NA	1	0.0242976182956
MSI2loss	MYST4loss	3.47882279344	0.0308436990741	NA	1	0.0308436990741
MYST4loss	KMT2Aloss	7.17928256907	0.000762214482284	NA	1	0.000762214482284
SMARCB1loss	HLA-Aloss	NA	NA	0.04868527124192231	1	0.04868527124192231
HLA-Aloss	LCP1loss	3.46316798845	0.0313303504459	0.01869236511196173	2	0.01869236511196173
VTI1Aloss	CYTSBloss	4.34403383054	0.0129840469791	NA	1	0.0129840469791
MLL3loss	CCNE1loss	3.08933206655	0.0455323568341	0.027622382873387558	2	0.027622382873387558
KRASloss	IDH1loss	NA	NA	0.03410985202631371	1	0.03410985202631371
FANCGloss	MYST4loss	4.51400720071	0.0109544753253	NA	1	0.0109544753253
HLA-Aloss	FOXO1loss	NA	NA	0.035078906968262644	1	0.035078906968262644
MLL2loss	CEP89loss	NA	NA	0.0378443387724594	1	0.0378443387724594
MLL3loss	PPP2R1Aloss	3.42970238194	0.032396581146	0.019290361019167764	2	0.019290361019167764
FASloss	CYTSBloss	3.29900329234	0.0369199474631	NA	1	0.0369199474631
SMARCE1loss	CYTSBloss	4.66583057204	0.00941142810737	NA	1	0.00941142810737
NONOloss	CYTSBloss	4.9647133672	0.00697995110534	NA	1	0.00697995110534
MLL3loss	PICALMloss	4.51688637679	0.0109229808228	0.006685010546670107	2	0.006685010546670107
SH2B3loss	CYTSBloss	3.8881093985	0.0204840366026	NA	1	0.0204840366026
MLL3loss	EZRloss	3.92155738036	0.0198102186622	0.01176456606576167	2	0.01176456606576167
CEP110loss	SSX4loss	3.10465018517	0.0448402015834	NA	1	0.0448402015834
FAM123Bloss	CEBPAloss	3.6967874938	0.024803078665	NA	1	0.024803078665
SSX1loss	MYST4loss	3.24822382001	0.0388431390027	NA	1	0.0388431390027
MLL3loss	PRDM1loss	4.16829406275	0.0154786432076	0.009224281977509753	2	0.009224281977509753
CEP110loss	KAT6Aloss	4.77743490885	0.00841756311529	NA	1	0.00841756311529
DDX5loss	MYST4loss	3.05231703219	0.0472493192672	NA	1	0.0472493192672
CHEK2loss	MYST4loss	3.36281784666	0.0346375180853	NA	1	0.0346375180853
CHEK2loss	CYTSBloss	5.98270839128	0.00252198650774	NA	1	0.00252198650774
MLL3loss	CCDC6loss	NA	NA	0.030053377141933377	1	0.030053377141933377
CBLCloss	MLLloss	3.64276977476	0.0261797314924	NA	1	0.0261797314924
CBFA2T3loss	CYTSBloss	3.5079538423	0.0299581508671	NA	1	0.0299581508671
FLT3loss	MLLloss	3.01089406611	0.0492476284359	NA	1	0.0492476284359
ABL1loss	CYTSBloss	3.04892208888	0.0474100006255	NA	1	0.0474100006255
KAT6Bloss	MYST4loss	7.75370548925	0.000429149382259	NA	1	0.000429149382259
STAT6loss	CYTSBloss	3.32639341813	0.0359224288997	NA	1	0.0359224288997
XPAloss	CYTSBloss	4.37693148734	0.0125638518709	NA	1	0.0125638518709
PAX8loss	HLA-Aloss	3.57906691064	0.0279017209114	0.018832372027304124	2	0.018832372027304124
CNTRLloss	CYTSBloss	4.3332008917	0.0131254669801	NA	1	0.0131254669801
CDKN2Aloss	CYTSBloss	4.573037207	0.0103265481757	NA	1	0.0103265481757
BCL9loss	CBFBloss	6.03416776602	0.00239548930559	0.0013646699296603647	2	0.0013646699296603647
CYTSBloss	FNBP1loss	4.30940856318	0.0134414970401	NA	1	0.0134414970401
SS18loss	MLLloss	4.10271721497	0.0165277050049	NA	1	0.0165277050049
CEP110loss	ECT2Lloss	3.87241007326	0.0208081597555	NA	1	0.0208081597555
MLL3loss	LPPloss	4.59285805628	0.01012388236	0.006608751356378474	2	0.006608751356378474
NF2loss	MLL3loss	3.80102321547	0.0223478934432	0.013235291983867997	2	0.013235291983867997
RPL22loss	BRAFloss	NA	NA	0.03647262576299687	1	0.03647262576299687
RPN1loss	MLL3loss	9.01927980121	0.000121053277276	8.896080938159461e-05	2	8.896080938159461e-05
MLL3loss	SDHAF2loss	3.26939344277	0.0380294871413	0.0230173010140596	2	0.0230173010140596
MLL3loss	CDKN1Bloss	NA	NA	0.043314838569101545	1	0.043314838569101545
CEP110loss	HIST1H3Bloss	3.23262557283	0.0394537739224	NA	1	0.0394537739224
CEP110loss	MYBloss	3.78606222251	0.0226847537184	NA	1	0.0226847537184
MYST4loss	SMARCD1loss	3.35247168823	0.0349977435969	NA	1	0.0349977435969
LASP1loss	CYTSBloss	4.49440643714	0.011171309522	NA	1	0.011171309522
CLTCL1loss	FAM22Aloss	3.18269292246	0.0414738188271	NA	1	0.0414738188271
MLL2loss	MSH2loss	3.07806390775	0.0460483242034	0.02923393459335176	2	0.02923393459335176
NUTM2Bloss	MYST4loss	6.03562850657	0.0023919926717	NA	1	0.0023919926717
FOXO3loss	FAM123Bloss	4.09722364649	0.0166187509386	NA	1	0.0166187509386
CEP110loss	CREB3L1loss	4.50574557887	0.0110453519351	NA	1	0.0110453519351
MYST4loss	PICALMloss	3.10358273887	0.0448880916465	NA	1	0.0448880916465
MLL2loss	SS18loss	3.26362632225	0.0382494414185	0.02258714386558719	2	0.02258714386558719
MLL3loss	CEBPAloss	3.18790948313	0.0412580314585	0.025037259628361386	2	0.025037259628361386
HMGA2loss	CYTSBloss	3.05282273318	0.0472254312801	NA	1	0.0472254312801
MLL2loss	MALAT1loss	4.35908129691	0.0127901325879	0.007975720625496481	2	0.007975720625496481
CEP110loss	LASP1loss	3.69368584391	0.0248801285603	NA	1	0.0248801285603
MLL2loss	BTG1loss	3.35530891659	0.0348985877367	0.02171867302089648	2	0.02171867302089648
CEP110loss	CLP1loss	3.7506094539	0.0235034172409	NA	1	0.0235034172409
CCDC6loss	MYST4loss	3.45064484514	0.0317251719578	NA	1	0.0317251719578
CEP110loss	KCNJ5loss	3.4188642218	0.032749610117	NA	1	0.032749610117
KMT2Closs	MLL3loss	5.68061076176	0.00341147420897	0.0022141672321746354	2	0.0022141672321746354
AMER1loss	CYTSBloss	4.94727551054	0.00710273391543	NA	1	0.00710273391543
CEP110loss	FLI1loss	6.07598666862	0.00229737831639	NA	1	0.00229737831639
MLL3loss	TFGloss	8.76804869087	0.000155626960868	0.00011299978124161528	2	0.00011299978124161528
MECOMloss	MLL3loss	NA	NA	0.04188170402554943	1	0.04188170402554943
